country_id,country_name,income_level,latitude,longitude,region
AFG,Afghanistan,LIC,33.93911,67.709953,SAS
ALB,Albania,UMC,41.153332,20.168331,ECS
DZA,Algeria,UMC,28.033886,1.659626,MEA
ASM,American Samoa,UMC,-14.270972,-170.132217,EAS
AND,Andorra,,42.546245,1.601554,ECS
AGO,Angola,LMC,-11.202692,17.873887,SSF
ATG,Antigua and Barbuda,,17.060816,-61.796428,LCN
ARG,Argentina,UMC,-38.416097,-63.616672,LCN
ARM,Armenia,LMC,40.069099,45.038189,ECS
ABW,Aruba,,12.52111,-69.968338,LCN
AUS,Australia,,-25.274398,133.775136,EAS
AUT,Austria,,47.516231,14.550072,ECS
AZE,Azerbaijan,UMC,40.143105,47.576927,ECS
BHR,Bahrain,,25.930414,50.637772,MEA
BGD,Bangladesh,LMC,23.684994,90.356331,SAS
BRB,Barbados,,13.193887,-59.543198,LCN
BLR,Belarus,UMC,53.709807,27.953389,ECS
BEL,Belgium,,50.503887,4.469936,ECS
BLZ,Belize,UMC,17.189877,-88.49765,LCN
BEN,Benin,LIC,9.30769,2.315834,SSF
BMU,Bermuda,,32.321384,-64.75737,NAC
BTN,Bhutan,LMC,27.514162,90.433601,SAS
BOL,Bolivia,LMC,-16.290154,-63.588653,LCN
BIH,Bosnia and Herzegovina,UMC,43.915886,17.679076,ECS
BWA,Botswana,UMC,-22.328474,24.684866,SSF
BRA,Brazil,UMC,-14.235004,-51.92528,LCN
VGB,British Virgin Islands,,18.420695,-64.639968,LCN
BRN,Brunei,,4.535277,114.727669,EAS
BGR,Bulgaria,UMC,42.733883,25.48583,ECS
BFA,Burkina Faso,LIC,12.238333,-1.561593,SSF
BDI,Burundi,LIC,-3.373056,29.918886,SSF
CPV,Cabo Verde,LMC,16.002082,-24.013197,SSF
KHM,Cambodia,LMC,12.565679,104.990963,EAS
CMR,Cameroon,LMC,7.369722,12.354722,SSF
CAN,Canada,,56.130366,-106.346771,NAC
CYM,Cayman Islands,,19.513469,-80.566956,LCN
CAF,Central African Republic,LIC,6.611111,20.939444,SSF
TCD,Chad,LIC,15.454166,18.732207,SSF
CHI,Channel Islands,,,,ECS
CHL,Chile,,-35.675147,-71.542969,LCN
CHN,China,UMC,35.86166,104.195397,EAS
COL,Colombia,UMC,4.570868,-74.297333,LCN
COM,Comoros,LIC,-11.875001,43.872219,SSF
COG,Congo,LMC,-0.228021,15.827659,SSF
CRI,Costa Rica,UMC,9.748917,-83.753428,LCN
CIV,Côte d'Ivoire,LMC,7.539989,-5.54708,SSF
HRV,Croatia,UMC,45.1,15.2,ECS
CUB,Cuba,UMC,21.521757,-77.781167,LCN
CUW,Curaçao,,,,LCN
CYP,Cyprus,,35.126413,33.429859,ECS
CZE,Czech Republic,,49.817492,15.472962,ECS
PRK,Dem. People's Rep. Korea,LIC,40.339852,127.510093,EAS
COD,Dem. Rep. Congo,LIC,-4.038333,21.758664,SSF
DNK,Denmark,,56.26392,9.501785,ECS
DJI,Djibouti,LMC,11.825138,42.590275,MEA
DMA,Dominica,UMC,15.414999,-61.370976,LCN
DOM,Dominican Republic,UMC,18.735693,-70.162651,LCN
ECU,Ecuador,UMC,-1.831239,-78.183406,LCN
EGY,Egypt,LMC,26.820553,30.802498,MEA
SLV,El Salvador,LMC,13.794185,-88.89653,LCN
GNQ,Equatorial Guinea,UMC,1.650801,10.267895,SSF
ERI,Eritrea,LIC,15.179384,39.782334,SSF
EST,Estonia,,58.595272,25.013607,ECS
ETH,Ethiopia,LIC,9.145,40.489673,SSF
FRO,Faroe Islands,,61.892635,-6.911806,ECS
FJI,Fiji,UMC,-16.578193,179.414413,EAS
FIN,Finland,,61.92411,25.748151,ECS
FRA,France,,46.227638,2.213749,ECS
PYF,French Polynesia,,-17.679742,-149.406843,EAS
GAB,Gabon,UMC,-0.803689,11.609444,SSF
GEO,Georgia,LMC,42.315407,43.356892,ECS
DEU,Germany,,51.165691,10.451526,ECS
GHA,Ghana,LMC,7.946527,-1.023194,SSF
GIB,Gibraltar,,36.137741,-5.345374,ECS
GRC,Greece,,39.074208,21.824312,ECS
GRL,Greenland,,71.706936,-42.604303,ECS
GRD,Grenada,UMC,12.262776,-61.604171,LCN
GUM,Guam,,13.444304,144.793731,EAS
GTM,Guatemala,LMC,15.783471,-90.230759,LCN
GIN,Guinea,LIC,9.945587,-9.696645,SSF
GNB,Guinea-Bissau,LIC,11.803749,-15.180413,SSF
GUY,Guyana,UMC,4.860416,-58.93018,LCN
HTI,Haiti,LIC,18.971187,-72.285215,LCN
HND,Honduras,LMC,15.199999,-86.241905,LCN
HKG,"Hong Kong SAR, China",,22.396428,114.109497,EAS
HUN,Hungary,,47.162494,19.503304,ECS
ISL,Iceland,,64.963051,-19.020835,ECS
IND,India,LMC,20.593684,78.96288,SAS
IDN,Indonesia,LMC,-0.789275,113.921327,EAS
IRN,Iran,UMC,32.427908,53.688046,MEA
IRQ,Iraq,UMC,33.223191,43.679291,MEA
IRL,Ireland,,53.41291,-8.24389,ECS
IMN,Isle of Man,,54.236107,-4.548056,ECS
ISR,Israel,,31.046051,34.851612,MEA
ITA,Italy,,41.87194,12.56738,ECS
JAM,Jamaica,UMC,18.109581,-77.297508,LCN
JPN,Japan,,36.204824,138.252924,EAS
JOR,Jordan,LMC,30.585164,36.238414,MEA
KAZ,Kazakhstan,UMC,48.019573,66.923684,ECS
KEN,Kenya,LMC,-0.023559,37.906193,SSF
KIR,Kiribati,LMC,-3.370417,-168.734039,EAS
KOR,Korea,,35.907757,127.766922,EAS
XKX,Kosovo,LMC,42.602636,20.902977,ECS
KWT,Kuwait,,29.31166,47.481766,MEA
KGZ,Kyrgyz Republic,LMC,41.20438,74.766098,ECS
LAO,Lao PDR,LMC,19.85627,102.495496,EAS
LVA,Latvia,,56.879635,24.603189,ECS
LBN,Lebanon,UMC,33.854721,35.862285,MEA
LSO,Lesotho,LMC,-29.609988,28.233608,SSF
LBR,Liberia,LIC,6.428055,-9.429499,SSF
LBY,Libya,UMC,26.3351,17.228331,MEA
LIE,Liechtenstein,,47.166,9.555373,ECS
LTU,Lithuania,,55.169438,23.881275,ECS
LUX,Luxembourg,,49.815273,6.129583,ECS
MAC,"Macao SAR, China",,22.198745,113.543873,EAS
MKD,Macedonia,UMC,41.608635,21.745275,ECS
MDG,Madagascar,LIC,-18.766947,46.869107,SSF
MWI,Malawi,LIC,-13.254308,34.301525,SSF
MYS,Malaysia,UMC,4.210484,101.975766,EAS
MDV,Maldives,UMC,3.202778,73.22068,SAS
MLI,Mali,LIC,17.570692,-3.996166,SSF
MLT,Malta,,35.937496,14.375416,MEA
MHL,Marshall Islands,UMC,7.131474,171.184478,EAS
MRT,Mauritania,LMC,21.00789,-10.940835,SSF
MUS,Mauritius,UMC,-20.348404,57.552152,SSF
MEX,Mexico,UMC,23.634501,-102.552784,LCN
FSM,Micronesia,LMC,7.425554,150.550812,EAS
MDA,Moldova,LMC,47.411631,28.369885,ECS
MCO,Monaco,,43.750298,7.412841,ECS
MNG,Mongolia,LMC,46.862496,103.846656,EAS
MNE,Montenegro,UMC,42.708678,19.37439,ECS
MAR,Morocco,LMC,31.791702,-7.09262,MEA
MOZ,Mozambique,LIC,-18.665695,35.529562,SSF
MMR,Myanmar,LMC,21.913965,95.956223,EAS
NAM,Namibia,UMC,-22.95764,18.49041,SSF
NRU,Nauru,UMC,-0.522778,166.931503,EAS
NPL,Nepal,LIC,28.394857,84.124008,SAS
NLD,Netherlands,,52.132633,5.291266,ECS
NCL,New Caledonia,,-20.904305,165.618042,EAS
NZL,New Zealand,,-40.900557,174.885971,EAS
NIC,Nicaragua,LMC,12.865416,-85.207229,LCN
NER,Niger,LIC,17.607789,8.081666,SSF
NGA,Nigeria,LMC,9.081999,8.675277,SSF
MNP,Northern Mariana Islands,,17.33083,145.38469,EAS
NOR,Norway,,60.472024,8.468946,ECS
OMN,Oman,,21.512583,55.923255,MEA
PAK,Pakistan,LMC,30.375321,69.345116,SAS
PLW,Palau,,7.51498,134.58252,EAS
PAN,Panama,UMC,8.537981,-80.782127,LCN
PNG,Papua New Guinea,LMC,-6.314993,143.95555,EAS
PRY,Paraguay,UMC,-23.442503,-58.443832,LCN
PER,Peru,UMC,-9.189967,-75.015152,LCN
PHL,Philippines,LMC,12.879721,121.774017,EAS
POL,Poland,,51.919438,19.145136,ECS
PRT,Portugal,,39.399872,-8.224454,ECS
PRI,Puerto Rico,,18.220833,-66.590149,LCN
QAT,Qatar,,25.354826,51.183884,MEA
ROU,Romania,UMC,45.943161,24.96676,ECS
RUS,Russia,UMC,61.52401,105.318756,ECS
RWA,Rwanda,LIC,-1.940278,29.873888,SSF
WSM,Samoa,UMC,-13.759029,-172.104629,EAS
SMR,San Marino,,43.94236,12.457777,ECS
STP,São Tomé and Principe,LMC,0.18636,6.613081,SSF
SAU,Saudi Arabia,,23.885942,45.079162,MEA
SEN,Senegal,LIC,14.497401,-14.452362,SSF
SRB,Serbia,UMC,44.016521,21.005859,ECS
SYC,Seychelles,,-4.679574,55.491977,SSF
SLE,Sierra Leone,LIC,8.460555,-11.779889,SSF
SGP,Singapore,,1.352083,103.819836,EAS
SXM,Sint Maarten (Dutch part),,,,LCN
SVK,Slovak Republic,,48.669026,19.699024,ECS
SVN,Slovenia,,46.151241,14.995463,ECS
SLB,Solomon Islands,LMC,-9.64571,160.156194,EAS
SOM,Somalia,LIC,5.152149,46.199616,SSF
ZAF,South Africa,UMC,-30.559482,22.937506,SSF
SSD,South Sudan,LIC,4.85,31.6,SSF
ESP,Spain,,40.463667,-3.74922,ECS
LKA,Sri Lanka,LMC,7.873054,80.771797,SAS
KNA,St. Kitts and Nevis,,17.357822,-62.782998,LCN
LCA,St. Lucia,UMC,13.909444,-60.978893,LCN
MAF,St. Martin (French part),,,,LCN
VCT,St. Vincent and the Grenadines,UMC,12.984305,-61.287228,LCN
SDN,Sudan,LMC,12.862807,30.217636,SSF
SUR,Suriname,UMC,3.919305,-56.027783,LCN
SWZ,Swaziland,LMC,-26.522503,31.465866,SSF
SWE,Sweden,,60.128161,18.643501,ECS
CHE,Switzerland,,46.818188,8.227512,ECS
SYR,Syrian Arab Republic,LMC,34.802075,38.996815,MEA
TJK,Tajikistan,LMC,38.861034,71.276093,ECS
TZA,Tanzania,LIC,-6.369028,34.888822,SSF
THA,Thailand,UMC,15.870032,100.992541,EAS
BHS,The Bahamas,,25.03428,-77.39628,LCN
GMB,The Gambia,LIC,13.443182,-15.310139,SSF
TLS,Timor-Leste,LMC,-8.874217,125.727539,EAS
TGO,Togo,LIC,8.619543,0.824782,SSF
TON,Tonga,UMC,-21.178986,-175.198242,EAS
TTO,Trinidad and Tobago,,10.691803,-61.222503,LCN
TUN,Tunisia,LMC,33.886917,9.537499,MEA
TUR,Turkey,UMC,38.963745,35.243322,ECS
TKM,Turkmenistan,UMC,38.969719,59.556278,ECS
TCA,Turks and Caicos Islands,,21.694025,-71.797928,LCN
TUV,Tuvalu,UMC,-7.109535,177.64933,EAS
UGA,Uganda,LIC,1.373333,32.290275,SSF
UKR,Ukraine,LMC,48.379433,31.16558,ECS
ARE,United Arab Emirates,,23.424076,53.847818,MEA
GBR,United Kingdom,,55.378051,-3.435973,ECS
USA,United States,,37.09024,-95.712891,NAC
URY,Uruguay,,-32.522779,-55.765835,LCN
UZB,Uzbekistan,LMC,41.377491,64.585262,ECS
VUT,Vanuatu,LMC,-15.376706,166.959158,EAS
VEN,Venezuela,UMC,6.42375,-66.58973,LCN
VNM,Vietnam,LMC,14.058324,108.277199,EAS
VIR,Virgin Islands,,18.335765,-64.896335,LCN
PSE,West Bank and Gaza,LMC,31.952162,35.233154,MEA
YEM,Yemen,LMC,15.552727,48.516388,MEA
ZMB,Zambia,LMC,-13.133897,27.849332,SSF
ZWE,Zimbabwe,LIC,-19.015438,29.154857,SSF
